mode,horizon,weighted_cost,position_cost,linear_velocity_cost,angular_velocity_cost,mean_final_position_norm,mean_final_velocity_norm,mean_final_angular_velocity_norm,max_angular_velocity_norm,action_saturation_rate,nan_inf_count,finite,share_terminated,mass_mean,thrust_to_weight_mean,motor_delay_mean
fixed,500,4938.18,4812.5,110.24,1.80454,39.7325,12.9313,1.47743,5.77615,0.0186445,0,true,0,0.05,3,0.065
fixed,1000,28577.9,28202.8,352.66,6.02315,108.104,32.0225,5.67649,13.1267,0.0661621,0,true,0,0.05,3,0.065
small,500,5720.99,5581.43,123.679,1.9063,43.5539,13.4959,1.47153,6.08681,0.0188711,0,true,0,0.0548105,3.15013,0.0726956
small,1000,36780.1,36324.8,432.238,6.56359,121.917,35.8875,5.58751,19.0243,0.0888828,0,true,0,0.0548105,3.15013,0.0726956
broad,500,6690.91,6518.38,154.704,2.73413,48.5823,17.4853,2.10152,8.72458,0.0301406,0,true,0,0.134544,3.23219,0.116193
broad,1000,63947.3,63206.1,715.385,8.39024,166.105,48.7757,5.72082,18.559,0.160828,0,true,0,0.134544,3.23219,0.116193
broad_correlated,500,6168,6017.01,133.938,2.5766,45.3863,14.4829,2.0696,8.9636,0.0253906,0,true,0,0.105697,3.23709,0.114845
broad_correlated,1000,41736.9,41233.2,475.339,11.5676,125.44,36.5395,7.26038,34.2435,0.0902822,0,true,0,0.105697,3.23709,0.114845
