variant,h16_weighted,h16_position,h16_velocity,h16_action,h16_returns,h16_terminated,h16_nan_inf,h50_weighted,h50_position,h50_velocity,h50_action,h50_returns,h50_terminated,h50_nan_inf,h100_weighted,h100_position,h100_velocity,h100_action,h100_returns,h100_terminated,h100_nan_inf,h250_weighted,h250_position,h250_velocity,h250_action,h250_returns,h250_terminated,h250_nan_inf,h500_weighted,h500_position,h500_velocity,h500_action,h500_returns,h500_terminated,h500_nan_inf
baseline,8.75158,1.86332,1.15259,0.00124644,-8.75158,0,0,13.3608,3.91647,4.4032,0.000630279,-13.3608,0,0,43.2092,25.3771,13.7343,0.000689688,-43.2092,0,0,612.715,564.347,46.0789,0.00191763,-612.715,0,0,3320.99,3271.94,47.5386,0.00237667,-3320.99,0,0
outward0p25,8.82991,1.86166,1.19838,0.00164345,-8.82991,0,0,14.9333,4.33165,5.76861,0.00132117,-14.9333,0,0,49.0063,29.9881,15.3885,0.00145664,-49.0063,0,0,336.244,315.203,18.1608,0.00270519,-336.244,0,0,604.045,564.841,36.4076,0.0026494,-604.045,0,0
outward0p5,9.35868,1.86013,1.14219,0.00134457,-9.35868,0,0,14.8144,4.06215,4.96323,0.00109394,-14.8144,0,0,41.7188,24.2915,12.1671,0.0013139,-41.7188,0,0,267.916,236.177,25.4518,0.00315639,-267.916,0,0,2804.62,2668.07,128.782,0.00434044,-2804.62,0,0
outward1p0,9.03412,1.86025,1.16248,0.00164737,-9.03412,0,0,15.0223,4.21809,5.48755,0.00145998,-15.0223,0,0,45.4528,27.0595,13.6109,0.0016328,-45.4528,0,0,251.368,222.39,22.328,0.00326413,-251.368,0,0,1426.69,1328.94,88.7227,0.00424185,-1426.69,0,0
outward0p5_diff2,9.34162,1.86106,1.1778,0.00193583,-9.34162,0,0,15.4402,4.28472,5.6064,0.00165827,-15.4402,0,0,47.1296,27.8065,14.1897,0.00177083,-47.1296,0,0,301.993,264.379,30.1199,0.00376732,-301.993,0,0,2916.4,2732.31,171.893,0.006042,-2916.4,0,0
outward0p5_diff5,8.97414,1.86053,1.16215,0.00139819,-8.97414,0,0,14.3267,4.11878,5.14268,0.00108592,-14.3267,0,0,42.1371,25.542,12.5379,0.00127709,-42.1371,0,0,242.026,221.254,16.699,0.00268153,-242.026,0,0,713.168,665.857,42.5115,0.00306431,-713.168,0,0
outward0p5_progress0p5,9.08121,1.86035,1.15542,0.00127671,-9.08121,0,0,15.4182,4.15479,5.30433,0.00102338,-15.4182,0,0,51.8433,28.5451,16.125,0.00143195,-51.8433,0,0,545.848,463.627,66.6961,0.00542637,-545.848,0,0,9520.54,9099.89,396.542,0.00968123,-9520.54,0,0
