horizon,weighted_cost,position_cost,linear_velocity_cost,angular_velocity_cost,share_terminated
550,3474.51,3372.56,82.048,9.06916,0
600,4807.08,4682.25,99.4723,13.9646,0
650,6532.11,6378.27,121.044,20.9221,0
700,8766.66,8571.85,147.846,34.6177,0
750,12142,11402.4,180.471,546.437,0
800,72275.6,15041.1,219.614,57001.8,0
850,5.53122e+06,19693.4,265.688,5.51125e+06,0
900,6.34974e+06,nan,nan,nan,0.03125
950,3.16796e+17,nan,nan,nan,0.0546875
1000,1.77021e+09,nan,nan,nan,0.109375
