mode,horizon,weighted_cost,position_cost,linear_velocity_cost,angular_velocity_cost,mean_final_position_norm,mean_final_velocity_norm,mean_final_angular_velocity_norm,max_angular_velocity_norm,action_saturation_rate,nan_inf_count,finite,share_terminated,mass_mean,thrust_to_weight_mean,motor_delay_mean
fixed,500,5119.5,4991.69,112.475,1.77829,40.7781,12.8189,1.403,5.82953,0.0187852,0,true,0,0.05,3,0.065
fixed,1000,28595,28224.3,348.351,5.69268,107.828,32.0033,5.45347,13.2311,0.0644287,0,true,0,0.05,3,0.065
small,500,5871.56,5731.9,123.829,1.8752,44.3935,13.1122,1.40488,6.03478,0.0175527,0,true,0,0.0548105,3.15013,0.0726956
small,1000,34664.9,34241.7,400.516,6.05794,118.514,35.3807,5.55945,19.2206,0.0799189,0,true,0,0.0548105,3.15013,0.0726956
broad,500,6764,6593.18,153.026,2.72964,48.6687,16.8563,2.0614,7.60034,0.0340586,0,true,0,0.134544,3.23219,0.116193
broad,1000,61139.8,60441.6,672.787,8.20704,160.657,45.6907,5.56869,41.6729,0.156977,0,true,0,0.134544,3.23219,0.116193
broad_correlated,500,6289.43,6136.25,136.165,2.57157,45.891,14.3781,1.97283,8.96459,0.0254395,0,true,0,0.105697,3.23709,0.114845
broad_correlated,1000,41867.2,41387.9,452.423,10.1768,124.899,35.4128,6.8326,30.2789,0.0888691,0,true,0,0.105697,3.23709,0.114845
