mode,horizon,weighted_cost,position_cost,linear_velocity_cost,angular_velocity_cost,mean_final_position_norm,mean_final_velocity_norm,mean_final_angular_velocity_norm,max_angular_velocity_norm,action_saturation_rate,nan_inf_count,finite,share_terminated,mass_mean,thrust_to_weight_mean,motor_delay_mean
fixed,500,3916.82,3803.18,98.6978,1.6022,41.4005,17.0619,2.72444,5.48379,0,0,true,0,0.05,3,0.065
fixed,1000,48351.7,47912.4,393.391,30.2536,160.714,38.2709,11.568,602.332,0.00213184,0,true,0,0.05,3,0.065
small,500,4264.91,4139.83,109.382,2.14198,42.7783,17.7288,3.15447,10.807,0,0,true,0,0.0548105,3.15013,0.0726956
small,1000,55150.8,54645,461.301,28.5614,167.287,40.3931,10.8568,148.499,0.00312793,0,true,0,0.0548105,3.15013,0.0726956
broad,500,7726.01,7485.47,222.125,3.50105,60.9756,26.5426,3.03653,17.1744,0,0,true,0,0.134544,3.23219,0.116193
broad,1000,125036,nan,nan,nan,258.96,61.8796,35.3901,5887.94,0.015394,12,false,0.046875,0.134544,3.23219,0.116193
broad_correlated,500,6767.5,6567.79,178.563,4.88749,54.6335,22.7042,4.12799,16.1195,0,0,true,0,0.105697,3.23709,0.114845
broad_correlated,1000,2.43183e+11,nan,nan,nan,223.488,55.3869,1.0545e+06,2.66777e+08,0.00766996,6,false,0.0234375,0.105697,3.23709,0.114845
