train_seed,status_complete,first_loss,final_loss,loss_reduction,loss_increased_flag,final_train_p,final_train_v,final_train_w,total_applied_steps,total_skipped_steps,total_invalid_rollouts,any_nan_or_inf,euler_success_mean,euler_success_std,euler_success_min,euler_success_max,euler_final_p_mean,euler_final_v_mean,euler_final_w_mean,euler_invalid_or_nan_rate_mean,l2f_success_mean,l2f_success_std,l2f_success_min,l2f_success_max,l2f_final_p_mean,l2f_final_v_mean,l2f_final_w_mean,l2f_invalid_or_nan_rate_mean,beats_euler_baseline,beats_l2f_baseline,beats_both_baselines,action_saturation_median,action_saturation_high_fraction,actor_grad_clip_fraction,actor_grad_scale_median,early_divergence_flag,curriculum_collapse_flag,failure_type,failure_reason_short
1,True,1513.71,119.71,1394.0,False,0.832233,0.355081,1.4287,6000,0,0,False,0.5233333333333333,0.023570226039551605,0.49,0.54,1.008035,0.633199,2.3649133333333334,0.0,0.35,0.014142135623730937,0.33,0.36,1.1211466666666667,1.0334276666666666,4.630226666666666,0.0,True,True,True,0.0,0.0,1.0,0.002856085,False,True,PASS_STRONG,"beats both baselines, L2F success >= 0.25, and loss decreased"
3,True,10908.5,196.954,10711.546,False,0.888229,0.48937,1.83096,6000,0,0,False,0.52,0.037416573867739396,0.48,0.57,1.0950966666666668,0.8215636666666667,2.5962666666666667,0.0,0.36333333333333334,0.030912061651652348,0.32,0.39,1.2917733333333334,1.1887699999999999,3.8385866666666666,0.0,True,True,True,0.0,0.0,1.0,0.00186243,False,True,PASS_STRONG,"beats both baselines, L2F success >= 0.25, and loss decreased"
6,True,5999.68,958.354,5041.326,False,1.34655,1.6855,4.39345,6000,0,0,False,0.21666666666666667,0.02054804667656325,0.19,0.24,1.0246979999999999,1.3294933333333334,6.134143333333333,0.0,0.09666666666666666,0.02054804667656325,0.07,0.12,1.2031333333333334,1.7960033333333334,7.513106666666666,0.0,True,True,True,0.0,0.0,1.0,0.001573715,False,True,PASS_WEAK,beats both baselines but misses strong-pass threshold
9,True,5486.16,1203.13,4283.03,False,2.96404,3.16402,1.38819,6000,0,0,False,0.15666666666666668,0.02054804667656325,0.13,0.18,1.9773399999999999,2.0478366666666665,1.4119599999999999,0.0,0.1,0.01632993161855452,0.08,0.12,2.20466,2.44896,1.8019766666666668,0.0,True,True,True,0.0,0.0,1.0,0.001857165,False,True,PASS_WEAK,beats both baselines but misses strong-pass threshold
